{"cameraMode":{"drawMode":0,"name":"Shaded","section":"Shading Mode"},"sceneLighting":true,"audioPlay":false,"sceneViewState":{"showFog":true,"showMaterialUpdate":false,"showSkybox":true,"showFlares":true,"showImageEffects":true,"showParticleSystems":true},"in2DMode":false,"pivot":{"x":-1.294937014579773,"y":-0.4045243561267853,"z":11.753217697143555},"rotation":{"x":-0.2111818641424179,"y":0.20696885883808137,"z":-0.04580683633685112,"w":-0.9541893601417542},"size":8.89933967590332,"orthographic":false}