{"cameraMode":{"drawMode":0,"name":"Shaded","section":"Shading Mode"},"sceneLighting":true,"audioPlay":false,"sceneViewState":{"showFog":true,"showMaterialUpdate":false,"showSkybox":true,"showFlares":true,"showImageEffects":true,"showParticleSystems":true},"in2DMode":false,"pivot":{"x":3.087907075881958,"y":-0.5285072326660156,"z":-3.891356945037842},"rotation":{"x":-0.26931941509246828,"y":-0.06437338888645172,"z":0.01804558001458645,"w":-0.9607418775558472},"size":9.299810409545899,"orthographic":false}