{"cameraMode":{"drawMode":0,"name":"Shaded","section":"Shading Mode"},"sceneLighting":true,"audioPlay":false,"sceneViewState":{"showFog":true,"showMaterialUpdate":false,"showSkybox":true,"showFlares":true,"showImageEffects":true,"showParticleSystems":true},"in2DMode":false,"pivot":{"x":10.133028984069825,"y":14.75856876373291,"z":-9.25234603881836},"rotation":{"x":-0.32346025109291079,"y":0.27726417779922488,"z":-0.09973809123039246,"w":-0.8991941213607788},"size":10.0,"orthographic":false}